,aun,County,lea,lea_type,total_teachers,turnover,turnover_percent
2,126514368,Philadelphia,ACT Academy Cyber CS,CS,4,3.0,0.75
661,116493130,Columbia,Susq-Cyber CS,CS,6,4.0,0.6666666666666666
536,126510016,Philadelphia,Philadelphia Montessori CS,CS,9,5.0,0.5555555555555556
776,103020368,Allegheny,Young Scholars of McKeesport Charter Sch,CS,13,7.0,0.5384615384615384
346,126513110,Philadelphia,Laboratory CS,CS,23,11.0,0.4782608695652174
737,126510006,Philadelphia,West Phila. Achievement CES,CS,33,15.0,0.45454545454545453
667,126511530,Philadelphia,TECH Freire CS,CS,21,9.0,0.42857142857142855
8,125230001,Chester,Achievement House CS,CS,26,11.0,0.4230769230769231
714,141019741,Adams,Vida Charter School,CS,19,8.0,0.42105263157894735
330,126510013,Philadelphia,KIPP Philadelphia Charter School,CS,55,23.0,0.41818181818181815
554,103024952,Allegheny,Propel CS - Hazelwood,CS,17,7.0,0.4117647058823529
696,103519376,Philadelphia,Universal Daroff Charter School,CS,22,9.0,0.4090909090909091
646,103023410,Allegheny,Spectrum CS,CS,5,2.0,0.4
458,111440001,Huntingdon,New Day Charter School,CS,13,5.0,0.38461538461538464
556,103020005,Allegheny,Propel CS-East,CS,24,9.0,0.375
560,103028192,Allegheny,Propel CS-Northside,CS,27,10.0,0.37037037037037035
595,114514135,Philadelphia,Sankofa Freedom Academy Charter School,CS,30,11.0,0.36666666666666664
605,109420107,McKean,Seneca Highlands Career and Technical Ce,CTC,11,4.0,0.36363636363636365
391,126510014,Philadelphia,Maritime Academy Charter School,CS,46,16.0,0.34782608695652173
395,126519644,Philadelphia,Mastery CS - Cleveland Elementary,CS,49,17.0,0.3469387755102041
645,108515107,Philadelphia,Southwest Leadership Academy CS,CS,24,8.0,0.3333333333333333
332,172510793,Philadelphia,KIPP West Philadelphia Preparatory Chart,CS,21,7.0,0.3333333333333333
329,126514864,Philadelphia,KIPP DuBois Charter School,CS,36,12.0,0.3333333333333333
713,106619107,Venango,Venango Technology Center,CTC,12,4.0,0.3333333333333333
123,126513190,Philadelphia,Charter High School for Architecture and,CS,33,11.0,0.3333333333333333
312,121395526,Lehigh,Innovative Arts Academy CS,CS,25,8.0,0.32
394,126510002,Philadelphia,Mastery CHS - Lenfest Campus,CS,38,12.0,0.3157894736842105
129,125232950,Delaware,Chester Community CS,CS,238,75.0,0.31512605042016806
249,126518547,Philadelphia,Frederick Douglass Mastery Charter Schoo,CS,48,15.0,0.3125
4,181519176,Philadelphia,ASPIRA Bilingual Cyber Charter School,CS,23,7.0,0.30434782608695654
553,126512960,Philadelphia,Preparatory CS of Mathematics Science,CS,33,10.0,0.30303030303030304
389,126513480,Philadelphia,Mariana Bracetti Academy CS,CS,66,20.0,0.30303030303030304
279,108057079,Bedford,HOPE for Hyndman CS,CS,20,6.0,0.3
345,113362940,Lancaster,La Academia Partnership Charter School,CS,20,6.0,0.3
406,126510023,Philadelphia,Mastery CS-Thomas Campus,CS,80,24.0,0.3
397,126513290,Philadelphia,Mastery CS - Hardy Williams,CS,72,21.0,0.2916666666666667
557,103020002,Allegheny,Propel CS-Homestead,CS,46,13.0,0.2826086956521739
735,126513020,Philadelphia,West Oak Lane CS,CS,50,14.0,0.28
340,104432830,Mercer,Keystone Education Center CS,CS,18,5.0,0.2777777777777778
670,126515691,Philadelphia,The Philadelphia CS for Arts and Science,CS,58,16.0,0.27586206896551724
715,125233517,Delaware,Vision Academy Charter School,CS,22,6.0,0.2727272727272727
313,126513070,Philadelphia,Inquiry Charter School,CS,15,4.0,0.26666666666666666
709,102023080,Allegheny,Urban Pathways 6-12 CS,CS,34,9.0,0.2647058823529412
400,126513734,Philadelphia,Mastery CS-Gratz Campus,CS,84,22.0,0.2619047619047619
371,175390169,Lehigh,Lincoln Leadership Academy Charter Schoo,CS,50,13.0,0.26
71,185515523,Philadelphia,Boys Latin of Philadelphia CS,CS,58,15.0,0.25862068965517243
115,110141607,Centre,Central PA Institute of Science & Techno,CTC,16,4.0,0.25
304,111312607,Huntingdon,Huntingdon County CTC,CTC,12,3.0,0.25
308,126512039,Philadelphia,Independence CS West,CS,20,5.0,0.25
500,126513452,Philadelphia,Olney Charter High School,CS,130,32.0,0.24615384615384617
369,112673500,York,Lincoln CS,CS,42,10.0,0.23809523809523808
399,126511748,Philadelphia,Mastery CS-Clymer Elementary,CS,38,9.0,0.23684210526315788
698,126513415,Philadelphia,Universal Vare Charter School,CS,17,4.0,0.23529411764705882
305,114060392,Berks,I-LEAD Charter School,CS,26,6.0,0.23076923076923078
777,103025206,Allegheny,Young Scholars of Western Pennsylvania C,CS,26,6.0,0.23076923076923078
18,126512990,Philadelphia,Alliance for Progress CS,CS,26,6.0,0.23076923076923078
666,115223050,Dauphin,Sylvan Heights Science CS,CS,13,3.0,0.23076923076923078
188,126510011,Philadelphia,Discovery Charter School,CS,35,8.0,0.22857142857142856
694,168513758,Philadelphia,Universal Bluford Charter School,CS,31,7.0,0.22580645161290322
260,129544907,Schuylkill,Gillingham Charter School,CS,27,6.0,0.2222222222222222
160,101266007,Fayette,Connellsville Area Career & Technical Ce,CTC,23,5.0,0.21739130434782608
246,126513450,Philadelphia,Franklin Towne CHS,CS,65,14.0,0.2153846153846154
774,126513250,Philadelphia,Young Scholars CS,CS,14,3.0,0.21428571428571427
230,119350001,Lackawanna,Fell CS,CS,14,3.0,0.21428571428571427
537,126513400,Philadelphia,Philadelphia Performing Arts CS,CS,159,34.0,0.2138364779874214
575,126510008,Philadelphia,Richard Allen Preparatory CS,CS,24,5.0,0.20833333333333334
775,110140001,Centre,Young Scholars of Central PA CS,CS,34,7.0,0.20588235294117646
558,103020003,Allegheny,Propel CS-McKeesport,CS,25,5.0,0.2
247,147513703,Philadelphia,Franklin Towne Charter Elementary School,CS,51,10.0,0.19607843137254902
535,126510009,Philadelphia,Philadelphia Electrical & Tech CHS,CS,32,6.0,0.1875
136,121394017,Lehigh,Circle of Seasons Charter School,CS,16,3.0,0.1875
695,126517442,Philadelphia,Universal Creighton Charter School,CS,48,9.0,0.1875
561,103024162,Allegheny,Propel CS-Pitcairn,CS,27,5.0,0.18518518518518517
288,115222752,Dauphin,Harrisburg City SD,SD,449,83.0,0.18485523385300667
396,126518795,Philadelphia,Mastery CS - Francis D. Pastorius Elemen,CS,38,7.0,0.18421052631578946
137,102020001,Allegheny,City CHS,CS,44,8.0,0.18181818181818182
272,126510005,Philadelphia,Green Woods CS,CS,33,6.0,0.18181818181818182
144,110171607,Clearfield,Clearfield County CTC,CTC,17,3.0,0.17647058823529413
307,126513510,Philadelphia,Independence CS,CS,52,9.0,0.17307692307692307
597,117086003,Bradford,Sayre Area SD,SD,65,11.0,0.16923076923076924
555,160028259,Allegheny,Propel CS-Braddock Hills,CS,65,11.0,0.16923076923076924
484,117080607,Bradford,Northern Tier Career Center,CTC,12,2.0,0.16666666666666666
172,112673300,York,Crispus Attucks CS,CS,6,1.0,0.16666666666666666
235,103023807,Allegheny,Forbes Road CTC,CTC,30,5.0,0.16666666666666666
234,126510021,Philadelphia,Folk Arts-Cultural Treasures CS,CS,30,5.0,0.16666666666666666
27,121395927,Lehigh,Arts Academy CS,CS,30,5.0,0.16666666666666666
285,126512850,Philadelphia,Harambee Institute of Science and Techno,CS,24,4.0,0.16666666666666666
317,105256553,Erie,Iroquois SD,SD,73,12.0,0.1643835616438356
252,126513270,Philadelphia,Freire CS,CS,67,11.0,0.16417910447761194
217,105257512,Erie,Erie Rise Leadership Academy Charter Sch,CS,31,5.0,0.16129032258064516
761,126510007,Philadelphia,Wissahickon CS,CS,56,9.0,0.16071428571428573
710,103028246,Allegheny,Urban Pathways K-5 College Charter Schoo,CS,25,4.0,0.16
404,126510022,Philadelphia,Mastery CS-Shoemaker Campus,CS,50,8.0,0.16
28,121399898,Lehigh,Arts Academy Elementary Charter School,CS,25,4.0,0.16
459,126513420,Philadelphia,New Foundations CS,CS,82,13.0,0.15853658536585366
170,105201407,Crawford,Crawford County CTC,CTC,19,3.0,0.15789473684210525
184,125232407,Delaware,Delaware County Technical High School,CTC,38,6.0,0.15789473684210525
749,125230002,Delaware,Widener Partnership CS,CS,32,5.0,0.15625
606,109000000,McKean,Seneca Highlands IU 9,IU,45,7.0,0.15555555555555556
331,126515492,Philadelphia,KIPP West Philadelphia CS,CS,13,2.0,0.15384615384615385
423,111444307,Mifflin,Mifflin County Academy of Science and Te,CTC,13,2.0,0.15384615384615385
354,113000000,Lancaster,Lancaster-Lebanon IU 13,IU,250,38.0,0.152
127,125236827,Delaware,Chester CS for the Arts,CS,33,5.0,0.15151515151515152
402,126519433,Philadelphia,Mastery CS-Mann Campus,CS,33,5.0,0.15151515151515152
370,112000000,Adams,Lincoln IU 12,IU,358,54.0,0.15083798882681565
132,125231232,Delaware,Chester-Upland SD,SD,200,30.0,0.15
401,126516457,Philadelphia,Mastery CS-Harrity Campus,CS,54,8.0,0.14814814814814814
664,115228303,Dauphin,Susquehanna Township SD,SD,196,29.0,0.14795918367346939
598,122093140,Bucks,School Lane CS,CS,102,15.0,0.14705882352941177
569,114067107,Berks,Reading Muhlenberg CTC,CTC,34,5.0,0.14705882352941177
183,125000000,Delaware,Delaware County IU 25,IU,143,21.0,0.14685314685314685
474,108565503,Somerset,North Star SD,SD,89,13.0,0.14606741573033707
433,107655803,Westmoreland,Monessen City SD,SD,62,9.0,0.14516129032258066
219,126511563,Philadelphia,Esperanza Cyber CS,CS,14,2.0,0.14285714285714285
631,112289998,Franklin,South Mountain Secure Trmnt Un,SJCI,7,1.0,0.14285714285714285
657,111315438,Huntingdon,Stone Valley Community CS,CS,7,1.0,0.14285714285714285
382,117414807,Lycoming,Lycoming CTC,CTC,7,1.0,0.14285714285714285
302,119355028,Lackawanna,Howard Gardner Multiple Intelligence CS,CS,21,3.0,0.14285714285714285
692,126512674,Philadelphia,Universal Alcorn CS,CS,28,4.0,0.14285714285714285
755,108079004,Blair,Williamsburg Community SD,SD,35,5.0,0.14285714285714285
403,151514721,Philadelphia,Mastery CS-Pickett Campus,CS,57,8.0,0.14035087719298245
585,121393330,Lehigh,Roberto Clemente CS,CS,43,6.0,0.13953488372093023
615,129547203,Schuylkill,Shenandoah Valley SD,SD,79,11.0,0.13924050632911392
145,124151902,Chester,Coatesville Area SD,SD,436,60.0,0.13761467889908258
218,126513440,Philadelphia,Esperanza Academy Charter School,CS,96,13.0,0.13541666666666666
422,104000000,Mercer,Midwestern IU 4,IU,83,11.0,0.13253012048192772
49,126510010,Philadelphia,Belmont Charter School,CS,53,7.0,0.1320754716981132
511,103027307,Allegheny,Parkway West CTC,CTC,23,3.0,0.13043478260869565
291,118403207,Luzerne,Hazleton Area Career Center,CTC,23,3.0,0.13043478260869565
398,126518118,Philadelphia,Mastery CS John Wister Elementary,CS,31,4.0,0.12903225806451613
727,117598503,Tioga,Wellsboro Area SD,SD,101,13.0,0.12871287128712872
630,115218303,Cumberland,South Middleton SD,SD,156,20.0,0.1282051282051282
491,105000000,Erie,Northwest Tri-County IU 5,IU,79,10.0,0.12658227848101267
201,123463507,Montgomery,Eastern Center for Arts & Technology,CTC,16,2.0,0.125
600,129000000,Schuylkill,Schuylkill IU 29,IU,48,6.0,0.125
114,108070001,Blair,Central PA Digital Learning Foundation C,CS,8,1.0,0.125
23,104510394,Philadelphia,Antonia Pantoja Community Charter School,CS,48,6.0,0.125
601,129546907,Schuylkill,Schuylkill Technology Centers,CTC,32,4.0,0.125
508,173515368,Philadelphia,Pan American Academy CS,CS,48,6.0,0.125
361,121393007,Lehigh,Lehigh Career & Technical Institute,CTC,89,11.0,0.12359550561797752
655,115228003,Dauphin,Steelton-Highspire SD,SD,81,10.0,0.12345679012345678
147,124153320,Chester,Collegium CS,CS,235,29.0,0.12340425531914893
236,111292304,Fulton,Forbes Road SD,SD,33,4.0,0.12121212121212122
300,128323303,Indiana,Homer-Center SD,SD,58,7.0,0.1206896551724138
94,115000000,Cumberland,Capital Area IU 15,IU,175,21.0,0.12
116,116000000,Union,Central Susquehanna IU 16,IU,100,12.0,0.12
559,103020004,Allegheny,Propel CS-Montour,CS,42,5.0,0.11904761904761904
105,122090001,Bucks,Center for Student Learning CS at Pennsb,CS,17,2.0,0.11764705882352941
366,128034607,Armstrong,Lenape Tech,CTC,34,4.0,0.11764705882352941
80,122000000,Bucks,Bucks County IU 22,IU,292,34.0,0.11643835616438356
385,129544503,Schuylkill,Mahanoy Area SD,SD,86,10.0,0.11627906976744186
754,129548803,Schuylkill,Williams Valley SD,SD,95,11.0,0.11578947368421053
65,108110603,Cambria,Blacklick Valley SD,SD,52,6.0,0.11538461538461539
192,107653040,Westmoreland,Dr Robert Ketterer CS Inc.,CS,26,3.0,0.11538461538461539
407,126513230,Philadelphia,Math Civics and Sciences CS,CS,61,7.0,0.11475409836065574
22,114060503,Berks,Antietam SD,SD,79,9.0,0.11392405063291139
757,104378003,Lawrence,Wilmington Area SD,SD,80,9.0,0.1125
550,123466403,Montgomery,Pottstown SD,SD,214,24.0,0.11214953271028037
671,105620001,Warren,Tidioute Community CS,CS,27,3.0,0.1111111111111111
528,126510004,Philadelphia,People for People CS,CS,45,5.0,0.1111111111111111
778,126512870,Philadelphia,Youth Build Phila CS,CS,9,1.0,0.1111111111111111
623,108567807,Somerset,Somerset County Technology Center,CTC,18,2.0,0.1111111111111111
287,110173504,Clearfield,Harmony Area SD,SD,27,3.0,0.1111111111111111
151,116191757,Columbia,Columbia-Montour AVTS,CTC,45,5.0,0.1111111111111111
215,105252602,Erie,Erie City SD,SD,715,79.0,0.11048951048951049
156,108111403,Cambria,Conemaugh Valley SD,SD,64,7.0,0.109375
0,124150002,Chester,21st Century Cyber CS,CS,55,6.0,0.10909090909090909
659,101833400,Clinton,Sugar Valley Rural CS,CS,46,5.0,0.10869565217391304
669,129547603,Schuylkill,Tamaqua Area SD,SD,132,14.0,0.10606060606060606
444,110175003,Clearfield,Moshannon Valley SD,SD,66,7.0,0.10606060606060606
154,126512840,Philadelphia,Community Academy of Philadelphia CS,CS,76,8.0,0.10526315789473684
240,101632403,Washington,Fort Cherry SD,SD,77,8.0,0.1038961038961039
573,124153350,Chester,Renaissance Academy CS,CS,87,9.0,0.10344827586206896
584,105252920,Erie,Robert Benjamin Wiley Community CS,CS,29,3.0,0.10344827586206896
21,113380303,Lebanon,Annville-Cleona SD,SD,97,10.0,0.10309278350515463
90,109122703,Cameron,Cameron County SD,SD,39,4.0,0.10256410256410256
405,126517286,Philadelphia,Mastery CS-Smedley Campus,CS,49,5.0,0.10204081632653061
131,124151607,Chester,Chester County Technical College High Sc,CTC,89,9.0,0.10112359550561797
764,103029902,Allegheny,Woodland Hills SD,SD,277,28.0,0.10108303249097472
540,129546003,Schuylkill,Pine Grove Area SD,SD,119,12.0,0.10084033613445378
551,129546103,Schuylkill,Pottsville Area SD,SD,169,17.0,0.10059171597633136
466,116479998,Montour,North Central Secure Trmnt Unt,SJCI,10,1.0,0.1
180,116471111,Montour,Danville Ctr Adolescent Female,SJCI,10,1.0,0.1
642,117597003,Tioga,Southern Tioga SD,SD,130,13.0,0.1
186,107651603,Westmoreland,Derry Area SD,SD,131,13.0,0.09923664122137404
477,119000000,Lackawanna,Northeastern Educational IU 19,IU,71,7.0,0.09859154929577464
363,120483170,Northampton,Lehigh Valley Charter High School for th,CS,51,5.0,0.09803921568627451
326,109243503,Elk,Johnsonburg Area SD,SD,51,5.0,0.09803921568627451
220,126513100,Philadelphia,Eugenio Maria De Hostos CS,CS,41,4.0,0.0975609756097561
32,124150003,Chester,Avon Grove CS,CS,114,11.0,0.09649122807017543
706,123468603,Montgomery,Upper Perkiomen SD,SD,200,19.0,0.095
460,122097604,Bucks,New Hope-Solebury SD,SD,106,10.0,0.09433962264150944
430,129544703,Schuylkill,Minersville Area SD,SD,85,8.0,0.09411764705882353
267,108070607,Blair,Greater Altoona CTC,CTC,32,3.0,0.09375
643,112676503,York,Southern York County SD,SD,192,18.0,0.09375
153,115220002,Dauphin,Commonwealth Charter Academy CS,CS,334,31.0,0.09281437125748503
362,120480002,Northampton,Lehigh Valley Academy Regional CS,CS,130,12.0,0.09230769230769231
534,126515001,Philadelphia,Philadelphia City SD,SD,7616,699.0,0.09178046218487394
97,121000000,Lehigh,Carbon-Lehigh IU 21,IU,153,14.0,0.0915032679738562
420,115226003,Dauphin,Middletown Area SD,SD,176,16.0,0.09090909090909091
489,116495207,Northumberland,Northumberland County CTC,CTC,11,1.0,0.09090909090909091
229,101262507,Fayette,Fayette County Career & Technical Instit,CTC,22,2.0,0.09090909090909091
338,110183707,Clinton,Keystone Central CTC,CTC,11,1.0,0.09090909090909091
311,115220001,Dauphin,Infinity CS,CS,11,1.0,0.09090909090909091
653,103028807,Allegheny,Steel Center for Career and Technical Ed,CTC,22,2.0,0.09090909090909091
59,120481107,Northampton,Bethlehem AVTS,CTC,33,3.0,0.09090909090909091
770,112679002,York,York City SD,SD,343,31.0,0.09037900874635568
483,109535504,Potter,Northern Potter SD,SD,45,4.0,0.08888888888888889
701,125239452,Delaware,Upper Darby SD,SD,789,70.0,0.08871989860583017
424,111444602,Mifflin,Mifflin County SD,SD,352,31.0,0.08806818181818182
736,115508003,Perry,West Perry SD,SD,159,14.0,0.0880503144654088
640,111317503,Huntingdon,Southern Huntingdon County SD,SD,80,7.0,0.0875
470,123465507,Montgomery,North Montco Tech Career Center,CTC,46,4.0,0.08695652173913043
590,116606707,Union,SUN Area Technical Institute,CTC,23,2.0,0.08695652173913043
25,108000000,Blair,Appalachia IU 8,IU,116,10.0,0.08620689655172414
141,106161703,Clarion,Clarion-Limestone Area SD,SD,70,6.0,0.08571428571428572
681,111000000,Mifflin,Tuscarora IU 11,IU,35,3.0,0.08571428571428572
383,126513150,Philadelphia,MAST Community Charter School,CS,83,7.0,0.08433734939759036
760,108569103,Somerset,Windber Area SD,SD,83,7.0,0.08433734939759036
621,113367003,Lancaster,Solanco SD,SD,226,19.0,0.084070796460177
268,108112607,Cambria,Greater Johnstown CTC,CTC,12,1.0,0.08333333333333333
364,139481451,Northampton,Lehigh Valley Dual Language Charter Scho,CS,24,2.0,0.08333333333333333
486,107656407,Westmoreland,Northern Westmoreland CTC,CTC,12,1.0,0.08333333333333333
432,101634207,Washington,Mon Valley CTC,CTC,12,1.0,0.08333333333333333
526,124150004,Chester,Pennsylvania Leadership Charter School,CS,144,12.0,0.08333333333333333
505,122098003,Bucks,Palisades SD,SD,132,11.0,0.08333333333333333
700,122099007,Bucks,Upper Bucks County Technical School,CTC,24,2.0,0.08333333333333333
34,103020753,Allegheny,Avonworth SD,SD,120,10.0,0.08333333333333333
512,120485603,Northampton,Pen Argyl Area SD,SD,108,9.0,0.08333333333333333
7,102020003,Allegheny,Academy CS,CS,24,2.0,0.08333333333333333
522,110147003,Centre,Penns Valley Area SD,SD,97,8.0,0.08247422680412371
687,105259103,Erie,Union City Area SD,SD,85,7.0,0.08235294117647059
258,112013753,Adams,Gettysburg Area SD,SD,196,16.0,0.08163265306122448
438,123000000,Montgomery,Montgomery County IU 23,IU,184,15.0,0.08152173913043478
656,103028853,Allegheny,Sto-Rox SD,SD,86,7.0,0.08139534883720931
353,113364002,Lancaster,Lancaster SD,SD,802,65.0,0.08104738154613467
665,115506003,Perry,Susquenita SD,SD,137,11.0,0.08029197080291971
743,123469007,Montgomery,Western Montgomery CTC,CTC,25,2.0,0.08
87,119354207,Lackawanna,CTC of Lackawanna County,CTC,25,2.0,0.08
726,121139004,Carbon,Weatherly Area SD,SD,50,4.0,0.08
78,106330803,Jefferson,Brookville Area SD,SD,113,9.0,0.07964601769911504
223,121398065,Lehigh,Executive Education Academy Charter Scho,CS,76,6.0,0.07894736842105263
135,126513160,Philadelphia,Christopher Columbus CS,CS,51,4.0,0.0784313725490196
494,126510019,Philadelphia,Northwood Academy CS,CS,51,4.0,0.0784313725490196
688,106169003,Clarion,Union SD,SD,51,4.0,0.0784313725490196
428,116195004,Columbia,Millville Area SD,SD,64,5.0,0.078125
130,124000000,Chester,Chester County IU 24,IU,320,25.0,0.078125
577,109246003,Elk,Ridgway Area SD,SD,64,5.0,0.078125
289,123463603,Montgomery,Hatboro-Horsham SD,SD,346,27.0,0.07803468208092486
222,120450003,Monroe,Evergreen Community CS,CS,13,1.0,0.07692307692307693
464,123465602,Montgomery,Norristown Area SD,SD,481,37.0,0.07692307692307693
319,107654103,Westmoreland,Jeannette City SD,SD,78,6.0,0.07692307692307693
599,129547303,Schuylkill,Schuylkill Haven Area SD,SD,91,7.0,0.07692307692307693
720,116498003,Northumberland,Warrior Run SD,SD,105,8.0,0.0761904761904762
316,101000000,Washington,Intermediate Unit 1,IU,132,10.0,0.07575757575757576
502,109426003,McKean,Otto-Eldred SD,SD,53,4.0,0.07547169811320754
509,121136603,Carbon,Panther Valley SD,SD,106,8.0,0.07547169811320754
126,123461302,Montgomery,Cheltenham SD,SD,345,26.0,0.07536231884057971
179,116471803,Montour,Danville Area SD,SD,186,14.0,0.07526881720430108
303,111312503,Huntingdon,Huntingdon Area SD,SD,148,11.0,0.07432432432432433
587,108566303,Somerset,Rockwood Area SD,SD,54,4.0,0.07407407407407407
533,126513280,Philadelphia,Philadelphia Academy CS,CS,81,6.0,0.07407407407407407
148,120000000,Northampton,Colonial IU 20,IU,285,21.0,0.07368421052631578
473,129545003,Schuylkill,North Schuylkill SD,SD,136,10.0,0.07352941176470588
758,114069103,Berks,Wilson  SD,SD,422,31.0,0.07345971563981042
388,113364503,Lancaster,Manheim Township SD,SD,395,29.0,0.07341772151898734
482,121394503,Lehigh,Northern Lehigh SD,SD,109,8.0,0.07339449541284404
206,112672203,York,Eastern York SD,SD,164,12.0,0.07317073170731707
239,108112203,Cambria,Forest Hills SD,SD,123,9.0,0.07317073170731707
85,104101252,Butler,Butler Area SD,SD,411,30.0,0.072992700729927
53,114060557,Berks,Berks CTC,CTC,55,4.0,0.07272727272727272
309,128323703,Indiana,Indiana Area SD,SD,193,14.0,0.07253886010362694
571,112675503,York,Red Lion Area SD,SD,331,24.0,0.07250755287009064
181,115221607,Dauphin,Dauphin County Technical School,CTC,83,6.0,0.07228915662650602
139,106161203,Clarion,Clarion Area SD,SD,56,4.0,0.07142857142857142
583,103028203,Allegheny,Riverview SD,SD,84,6.0,0.07142857142857142
637,101306503,Greene,Southeastern Greene SD,SD,56,4.0,0.07142857142857142
95,115227010,Dauphin,Capital Area School for the Arts Charter,CS,14,1.0,0.07142857142857142
468,105258303,Erie,North East SD,SD,112,8.0,0.07142857142857142
639,111297504,Fulton,Southern Fulton SD,SD,56,4.0,0.07142857142857142
225,112013054,Adams,Fairfield Area SD,SD,71,5.0,0.07042253521126761
699,112018523,Adams,Upper Adams SD,SD,116,8.0,0.06896551724137931
24,128030603,Armstrong,Apollo-Ridge SD,SD,88,6.0,0.06818181818181818
499,114066503,Berks,Oley Valley SD,SD,118,8.0,0.06779661016949153
614,104435703,Mercer,Sharpsville Area SD,SD,74,5.0,0.06756756756756757
336,106166503,Clarion,Keystone  SD,SD,74,5.0,0.06756756756756757
740,112678503,York,West York Area SD,SD,178,12.0,0.06741573033707865
611,116496503,Northumberland,Shamokin Area SD,SD,149,10.0,0.06711409395973154
88,101631503,Washington,California Area SD,SD,60,4.0,0.06666666666666667
171,118401403,Luzerne,Crestwood SD,SD,150,10.0,0.06666666666666667
741,101638907,Washington,Western Area CTC,CTC,15,1.0,0.06666666666666667
40,118400001,Luzerne,Bear Creek Community CS,CS,30,2.0,0.06666666666666667
376,115224003,Dauphin,Lower Dauphin SD,SD,272,18.0,0.0661764705882353
47,110141103,Centre,Bellefonte Area SD,SD,197,13.0,0.06598984771573604
719,105628302,Warren,Warren County SD,SD,289,19.0,0.0657439446366782
224,114062003,Berks,Exeter Township SD,SD,259,17.0,0.06563706563706563
515,103027352,Allegheny,Penn Hills SD,SD,229,15.0,0.06550218340611354
429,116495003,Northumberland,Milton Area SD,SD,153,10.0,0.06535947712418301
602,114067503,Berks,Schuylkill Valley SD,SD,138,9.0,0.06521739130434782
157,113361703,Lancaster,Conestoga Valley SD,SD,278,18.0,0.06474820143884892
294,113363103,Lancaster,Hempfield  SD,SD,448,29.0,0.06473214285714286
651,123467203,Montgomery,Springfield Township SD,SD,170,11.0,0.06470588235294118
11,126510020,Montgomery,Agora Cyber CS,CS,402,26.0,0.06467661691542288
739,118408707,Luzerne,West Side CTC,CTC,31,2.0,0.06451612903225806
384,126513117,Philadelphia,MaST Community CS II,CS,31,2.0,0.06451612903225806
411,115216503,Cumberland,Mechanicsburg Area SD,SD,279,18.0,0.06451612903225806
725,112289003,Franklin,Waynesboro Area SD,SD,264,17.0,0.06439393939393939
72,109420803,McKean,Bradford Area SD,SD,171,11.0,0.06432748538011696
756,117417202,Lycoming,Williamsport Area SD,SD,327,21.0,0.06422018348623854
150,113361503,Lancaster,Columbia Borough SD,SD,94,6.0,0.06382978723404255
636,125238402,Delaware,Southeast Delco SD,SD,282,18.0,0.06382978723404255
20,127040703,Beaver,Ambridge Area SD,SD,174,11.0,0.06321839080459771
593,121395603,Lehigh,Salisbury Township SD,SD,111,7.0,0.06306306306306306
565,103027753,Allegheny,Quaker Valley SD,SD,143,9.0,0.06293706293706294
676,101638003,Washington,Trinity Area SD,SD,223,14.0,0.06278026905829596
109,115221402,Dauphin,Central Dauphin SD,SD,765,48.0,0.06274509803921569
570,114067002,Berks,Reading SD,SD,975,61.0,0.06256410256410257
189,113362203,Lancaster,Donegal SD,SD,176,11.0,0.0625
344,114064003,Berks,Kutztown Area SD,SD,112,7.0,0.0625
293,134677866,York,Helen Thackston Charter School,CS,32,2.0,0.0625
501,109537504,Potter,Oswayo Valley SD,SD,32,2.0,0.0625
765,117089003,Bradford,Wyalusing Area SD,SD,80,5.0,0.0625
612,108567404,Somerset,Shanksville-Stonycreek SD,SD,32,2.0,0.0625
75,122091303,Bucks,Bristol Borough SD,SD,80,5.0,0.0625
771,112679107,York,York Co School of Technology,CTC,112,7.0,0.0625
379,117414203,Lycoming,Loyalsock Township SD,SD,96,6.0,0.0625
173,115211657,Cumberland,Cumberland Perry AVTS,CTC,32,2.0,0.0625
358,113384307,Lebanon,Lebanon County CTC,CTC,32,2.0,0.0625
335,124154003,Chester,Kennett Consolidated SD,SD,290,18.0,0.06206896551724138
374,116493503,Northumberland,Line Mountain SD,SD,81,5.0,0.06172839506172839
549,123466303,Montgomery,Pottsgrove SD,SD,227,14.0,0.06167400881057269
588,125237903,Delaware,Rose Tree Media SD,SD,276,17.0,0.06159420289855073
627,104107803,Butler,South Butler County SD,SD,147,9.0,0.061224489795918366
753,125239652,Delaware,William Penn SD,SD,311,19.0,0.06109324758842444
333,109422303,McKean,Kane Area SD,SD,82,5.0,0.06097560975609756
697,126513210,Philadelphia,Universal Institute CS,CS,33,2.0,0.06060606060606061
576,108116503,Cambria,Richland SD,SD,99,6.0,0.06060606060606061
469,103026902,Allegheny,North Hills SD,SD,298,18.0,0.06040268456375839
493,121394603,Lehigh,Northwestern Lehigh SD,SD,149,9.0,0.06040268456375839
54,114000000,Berks,Berks County IU 14,IU,83,5.0,0.060240963855421686
542,102027451,Allegheny,Pittsburgh SD,SD,1946,117.0,0.06012332990750257
523,122098202,Bucks,Pennsbury SD,SD,732,44.0,0.060109289617486336
677,117086653,Bradford,Troy Area SD,SD,100,6.0,0.06
349,119354603,Lackawanna,Lakeland SD,SD,100,6.0,0.06
440,117415103,Lycoming,Montoursville Area SD,SD,117,7.0,0.05982905982905983
356,104374003,Lawrence,Laurel SD,SD,67,4.0,0.05970149253731343
721,113369003,Lancaster,Warwick SD,SD,268,16.0,0.05970149253731343
547,109426303,McKean,Port Allegany SD,SD,67,4.0,0.05970149253731343
408,101633903,Washington,McGuffey SD,SD,118,7.0,0.059322033898305086
10,108110307,Cambria,Admiral Peary AVTS,CTC,17,1.0,0.058823529411764705
357,104374207,Lawrence,Lawrence County CTC,CTC,34,2.0,0.058823529411764705
100,115211103,Cumberland,Carlisle Area SD,SD,323,19.0,0.058823529411764705
414,104435107,Mercer,Mercer County Career Center,CTC,17,1.0,0.058823529411764705
680,108568404,Somerset,Turkeyfoot Valley Area SD,SD,34,2.0,0.058823529411764705
118,107651207,Westmoreland,Central Westmoreland CTC,CTC,34,2.0,0.058823529411764705
133,108051503,Bedford,Chestnut Ridge SD,SD,102,6.0,0.058823529411764705
243,106612203,Venango,Franklin Area SD,SD,136,8.0,0.058823529411764705
434,104105353,Butler,Moniteau SD,SD,85,5.0,0.058823529411764705
685,108078003,Blair,Tyrone Area SD,SD,119,7.0,0.058823529411764705
618,115218003,Cumberland,Shippensburg Area SD,SD,205,12.0,0.05853658536585366
134,125231303,Delaware,Chichester SD,SD,240,14.0,0.058333333333333334
516,113365203,Lancaster,Penn Manor SD,SD,327,19.0,0.0581039755351682
62,127041503,Beaver,Big Beaver Falls Area SD,SD,121,7.0,0.05785123966942149
16,106160303,Clarion,Allegheny-Clarion Valley SD,SD,52,3.0,0.057692307692307696
327,111343603,Juniata,Juniata County SD,SD,191,11.0,0.05759162303664921
437,117415004,Lycoming,Montgomery Area SD,SD,70,4.0,0.05714285714285714
409,103026002,Allegheny,McKeesport Area SD,SD,228,13.0,0.05701754385964912
513,108116003,Cambria,Penn Cambria SD,SD,123,7.0,0.056910569105691054
350,104433903,Mercer,Lakeview SD,SD,88,5.0,0.056818181818181816
299,108073503,Blair,Hollidaysburg Area SD,SD,229,13.0,0.056768558951965066
159,105201033,Crawford,Conneaut SD,SD,141,8.0,0.05673758865248227
579,101637002,Washington,Ringgold SD,SD,194,11.0,0.05670103092783505
742,127049303,Beaver,Western Beaver County SD,SD,53,3.0,0.05660377358490566
733,104437503,Mercer,West Middlesex Area SD,SD,71,4.0,0.056338028169014086
29,117080503,Bradford,Athens Area SD,SD,142,8.0,0.056338028169014086
426,105257602,Erie,Millcreek Township SD,SD,444,25.0,0.05630630630630631
539,124157203,Chester,Phoenixville Area SD,SD,285,16.0,0.056140350877192984
177,112671603,York,Dallastown Area SD,SD,376,21.0,0.05585106382978723
278,104432903,Mercer,Grove City Area SD,SD,180,10.0,0.05555555555555555
337,182514568,Philadelphia,Keystone Academy Charter School,CS,36,2.0,0.05555555555555555
320,106333407,Jefferson,Jefferson County-DuBois AVTS,CTC,36,2.0,0.05555555555555555
452,117415303,Lycoming,Muncy SD,SD,72,4.0,0.05555555555555555
163,103022103,Allegheny,Cornell SD,SD,54,3.0,0.05555555555555555
421,127045303,Beaver,Midland Borough SD,SD,18,1.0,0.05555555555555555
209,103023153,Allegheny,Elizabeth Forward SD,SD,164,9.0,0.054878048780487805
286,105254353,Erie,Harbor Creek SD,SD,146,8.0,0.0547945205479452
63,115210503,Cumberland,Big Spring SD,SD,201,11.0,0.05472636815920398
603,119357402,Lackawanna,Scranton SD,SD,713,39.0,0.0546984572230014
14,103000000,Allegheny,Allegheny IU 3,IU,330,18.0,0.05454545454545454
686,104377003,Lawrence,Union Area SD,SD,55,3.0,0.05454545454545454
504,124156703,Chester,Oxford Area SD,SD,239,13.0,0.05439330543933055
683,108058003,Bedford,Tussey Mountain SD,SD,74,4.0,0.05405405405405406
441,119584503,Susquehanna,Montrose Area SD,SD,111,6.0,0.05405405405405406
503,124156603,Chester,Owen J Roberts SD,SD,371,20.0,0.05390835579514825
83,101631203,Washington,Burgettstown Area SD,SD,93,5.0,0.053763440860215055
445,116495103,Northumberland,Mount Carmel Area SD,SD,112,6.0,0.05357142857142857
251,128033053,Armstrong,Freeport Area SD,SD,131,7.0,0.05343511450381679
759,120488603,Northampton,Wilson Area SD,SD,150,8.0,0.05333333333333334
691,128328003,Indiana,United SD,SD,75,4.0,0.05333333333333334
119,112671303,York,Central York SD,SD,376,20.0,0.05319148936170213
91,115211003,Cumberland,Camp Hill SD,SD,94,5.0,0.05319148936170213
37,110141003,Centre,Bald Eagle Area SD,SD,132,7.0,0.05303030303030303
191,124152003,Chester,Downingtown Area SD,SD,853,45.0,0.05275498241500586
413,104435003,Mercer,Mercer Area SD,SD,76,4.0,0.05263157894736842
205,107652207,Westmoreland,Eastern Westmoreland CTC,CTC,19,1.0,0.05263157894736842
257,105253903,Erie,General McLane SD,SD,152,8.0,0.05263157894736842
360,128034503,Armstrong,Leechburg Area SD,SD,57,3.0,0.05263157894736842
301,127044103,Beaver,Hopewell Area SD,SD,152,8.0,0.05263157894736842
328,111312804,Huntingdon,Juniata Valley SD,SD,57,3.0,0.05263157894736842
672,106617203,Venango,Titusville Area SD,SD,134,7.0,0.05223880597014925
650,125238502,Delaware,Springfield SD,SD,249,13.0,0.05220883534136546
647,108077503,Blair,Spring Cove SD,SD,115,6.0,0.05217391304347826
520,122098103,Bucks,Pennridge SD,SD,403,21.0,0.052109181141439205
580,127045853,Beaver,Riverside Beaver County SD,SD,96,5.0,0.052083333333333336
175,110171803,Clearfield,Curwensville Area SD,SD,77,4.0,0.05194805194805195
367,116604003,Union,Lewisburg Area SD,SD,135,7.0,0.05185185185185185
55,108561003,Somerset,Berlin Brothersvalley SD,SD,58,3.0,0.05172413793103448
662,119586503,Susquehanna,Susquehanna Community SD,SD,58,3.0,0.05172413793103448
106,122092102,Bucks,Central Bucks SD,SD,1146,59.0,0.05148342059336824
538,110177003,Clearfield,Philipsburg-Osceola Area SD,SD,136,7.0,0.051470588235294115
738,115219002,York,West Shore SD,SD,507,26.0,0.05128205128205128
392,125235502,Delaware,Marple Newtown SD,SD,254,13.0,0.051181102362204724
265,114063003,Berks,Governor Mifflin SD,SD,274,14.0,0.051094890510948905
673,117086503,Bradford,Towanda Area SD,SD,98,5.0,0.05102040816326531
60,120481002,Northampton,Bethlehem Area SD,SD,884,45.0,0.05090497737556561
228,104432503,Mercer,Farrell Area SD,SD,59,3.0,0.05084745762711865
567,125237603,Delaware,Radnor Township SD,SD,276,14.0,0.050724637681159424
165,105251453,Erie,Corry Area SD,SD,158,8.0,0.05063291139240506
723,105259703,Erie,Wattsburg Area SD,SD,99,5.0,0.050505050505050504
107,108111303,Cambria,Central Cambria SD,SD,119,6.0,0.05042016806722689
730,124159002,Chester,West Chester Area SD,SD,795,40.0,0.050314465408805034
233,114062503,Berks,Fleetwood Area SD,SD,179,9.0,0.05027932960893855
193,106172003,Clearfield,Dubois Area SD,SD,259,13.0,0.05019305019305019
566,122098403,Bucks,Quakertown Community SD,SD,299,15.0,0.05016722408026756
471,123465702,Montgomery,North Penn SD,SD,839,42.0,0.050059594755661505
480,108114503,Cambria,Northern Cambria SD,SD,80,4.0,0.05
182,103022253,Allegheny,Deer Lakes SD,SD,121,6.0,0.049586776859504134
722,101638803,Washington,Washington SD,SD,121,6.0,0.049586776859504134
185,120522003,Pike,Delaware Valley SD,SD,323,16.0,0.04953560371517028
517,125236903,Delaware,Penn-Delco SD,SD,223,11.0,0.04932735426008968
443,122097203,Bucks,Morrisville Borough SD,SD,61,3.0,0.04918032786885246
275,107653203,Westmoreland,Greensburg Salem SD,SD,183,9.0,0.04918032786885246
210,113362403,Lancaster,Elizabethtown Area SD,SD,245,12.0,0.04897959183673469
121,112281302,Franklin,Chambersburg Area SD,SD,552,27.0,0.04891304347826087
318,104433604,Mercer,Jamestown Area SD,SD,41,2.0,0.04878048780487805
530,123466103,Montgomery,Perkiomen Valley SD,SD,369,18.0,0.04878048780487805
43,127000000,Beaver,Beaver Valley IU 27,IU,41,2.0,0.04878048780487805
199,115212503,Cumberland,East Pennsboro Area SD,SD,185,9.0,0.04864864864864865
334,104103603,Butler,Karns City Area SD,SD,103,5.0,0.04854368932038835
51,116191004,Columbia,Benton Area SD,SD,62,3.0,0.04838709677419355
52,101630903,Washington,Bentworth SD,SD,83,4.0,0.04819277108433735
226,105253303,Erie,Fairview SD,SD,104,5.0,0.04807692307692308
245,107652603,Westmoreland,Franklin Regional SD,SD,229,11.0,0.048034934497816595
38,103021102,Allegheny,Baldwin-Whitehall SD,SD,229,11.0,0.048034934497816595
48,108071003,Blair,Bellwood-Antis SD,SD,84,4.0,0.047619047619047616
214,113362603,Lancaster,Ephrata Area SD,SD,252,12.0,0.047619047619047616
42,127041307,Beaver,Beaver County CTC,CTC,21,1.0,0.047619047619047616
690,124158503,Chester,Unionville-Chadds Ford SD,SD,294,14.0,0.047619047619047616
138,103021903,Allegheny,Clairton City SD,SD,63,3.0,0.047619047619047616
113,123460957,Montgomery,Central Montco Technical High School,CTC,21,1.0,0.047619047619047616
168,106611303,Venango,Cranberry Area SD,SD,84,4.0,0.047619047619047616
56,112011103,Adams,Bermudian Springs SD,SD,127,6.0,0.047244094488188976
492,105258503,Erie,Northwestern  SD,SD,107,5.0,0.04672897196261682
202,113362303,Lancaster,Eastern Lancaster County SD,SD,214,10.0,0.04672897196261682
481,113385003,Lebanon,Northern Lebanon SD,SD,151,7.0,0.046357615894039736
149,123461602,Montgomery,Colonial SD,SD,367,17.0,0.04632152588555858
375,112015203,Adams,Littlestown Area SD,SD,130,6.0,0.046153846153846156
684,114068103,Berks,Twin Valley SD,SD,217,10.0,0.04608294930875576
496,124156503,Chester,Octorara Area SD,SD,174,8.0,0.04597701149425287
162,114061103,Berks,Conrad Weiser Area SD,SD,197,9.0,0.04568527918781726
174,115211603,Cumberland,Cumberland Valley SD,SD,527,24.0,0.04554079696394687
467,106167504,Clarion,North Clarion County SD,SD,44,2.0,0.045454545454545456
33,124150503,Chester,Avon Grove SD,SD,286,13.0,0.045454545454545456
86,104101307,Butler,Butler County AVTS,CTC,22,1.0,0.045454545454545456
485,117596003,Tioga,Northern Tioga SD,SD,176,8.0,0.045454545454545456
624,123467103,Montgomery,Souderton Area SD,SD,441,20.0,0.045351473922902494
280,115222504,Dauphin,Halifax Area SD,SD,89,4.0,0.0449438202247191
281,114063503,Berks,Hamburg Area SD,SD,156,7.0,0.04487179487179487
155,108561803,Somerset,Conemaugh Township Area SD,SD,67,3.0,0.04477611940298507
425,116605003,Union,Mifflinburg Area SD,SD,134,6.0,0.04477611940298507
415,123465303,Montgomery,Methacton SD,SD,358,16.0,0.0446927374301676
261,105254053,Erie,Girard SD,SD,112,5.0,0.044642857142857144
255,125234103,Delaware,Garnet Valley SD,SD,359,16.0,0.04456824512534819
461,107656303,Westmoreland,New Kensington-Arnold SD,SD,158,7.0,0.04430379746835443
164,113381303,Lebanon,Cornwall-Lebanon SD,SD,317,14.0,0.04416403785488959
190,112671803,York,Dover Area SD,SD,227,10.0,0.04405286343612335
276,104432803,Mercer,Greenville Area SD,SD,91,4.0,0.04395604395604396
478,112674403,York,Northeastern York SD,SD,252,11.0,0.04365079365079365
161,101261302,Fayette,Connellsville Area SD,SD,276,12.0,0.043478260869565216
625,123463370,Montgomery,Souderton CS Collaborative,CS,23,1.0,0.043478260869565216
169,105201352,Crawford,Crawford Central SD,SD,254,11.0,0.04330708661417323
773,107658903,Westmoreland,Yough SD,SD,140,6.0,0.04285714285714286
93,117081003,Bradford,Canton Area SD,SD,70,3.0,0.04285714285714286
506,121136503,Carbon,Palmerton Area SD,SD,117,5.0,0.042735042735042736
717,125239603,Delaware,Wallingford-Swarthmore SD,SD,258,11.0,0.04263565891472868
652,110148002,Centre,State College Area SD,SD,517,22.0,0.0425531914893617
31,101630504,Washington,Avella Area SD,SD,47,2.0,0.0425531914893617
607,104107903,Butler,Seneca Valley SD,SD,495,21.0,0.04242424242424243
762,123469303,Montgomery,Wissahickon SD,SD,330,14.0,0.04242424242424243
324,121135003,Carbon,Jim Thorpe Area SD,SD,142,6.0,0.04225352112676056
111,101301403,Greene,Central Greene SD,SD,142,6.0,0.04225352112676056
70,114060753,Berks,Boyertown Area SD,SD,451,19.0,0.04212860310421286
339,110183602,Clinton,Keystone Central SD,SD,310,13.0,0.041935483870967745
212,104372003,Lawrence,Ellwood City Area SD,SD,120,5.0,0.041666666666666664
578,125237702,Delaware,Ridley SD,SD,384,16.0,0.041666666666666664
487,115674603,York,Northern York County SD,SD,217,9.0,0.041474654377880185
315,125235103,Delaware,Interboro SD,SD,266,11.0,0.041353383458646614
50,122091002,Bucks,Bensalem Township SD,SD,413,17.0,0.04116222760290557
187,115221753,Dauphin,Derry Township SD,SD,244,10.0,0.040983606557377046
194,119352203,Lackawanna,Dunmore SD,SD,98,4.0,0.04081632653061224
689,101268003,Fayette,Uniontown Area SD,SD,196,8.0,0.04081632653061224
768,114069353,Berks,Wyomissing Area SD,SD,148,6.0,0.04054054054054054
507,113385303,Lebanon,Palmyra Area SD,SD,224,9.0,0.04017857142857143
12,101260303,Fayette,Albert Gallatin Area SD,SD,224,9.0,0.04017857142857143
532,101636503,Washington,Peters Township SD,SD,250,10.0,0.04
479,108056004,Bedford,Northern Bedford County SD,SD,75,3.0,0.04
17,121390302,Lehigh,Allentown City SD,SD,979,39.0,0.03983656792645557
772,112679403,York,York Suburban SD,SD,201,8.0,0.03980099502487562
390,128325203,Indiana,Marion Center Area SD,SD,101,4.0,0.039603960396039604
15,103020603,Allegheny,Allegheny Valley SD,SD,76,3.0,0.039473684210526314
716,119648303,Pike,Wallenpaupack Area SD,SD,254,10.0,0.03937007874015748
748,121397803,Lehigh,Whitehall-Coplay SD,SD,254,10.0,0.03937007874015748
641,121395703,Lehigh,Southern Lehigh SD,SD,204,8.0,0.0392156862745098
674,124157802,Chester,Tredyffrin-Easttown SD,SD,434,17.0,0.03917050691244239
572,106168003,Clarion,Redbank Valley SD,SD,77,3.0,0.03896103896103896
125,101631903,Washington,Chartiers-Houston SD,SD,77,3.0,0.03896103896103896
158,112011603,Adams,Conewago Valley SD,SD,231,9.0,0.03896103896103896
68,129540803,Schuylkill,Blue Mountain SD,SD,180,7.0,0.03888888888888889
89,108111203,Cambria,Cambria Heights SD,SD,103,4.0,0.038834951456310676
449,103026402,Allegheny,Mt Lebanon SD,SD,361,14.0,0.038781163434903045
19,108070502,Blair,Altoona Area SD,SD,543,21.0,0.03867403314917127
270,107653102,Westmoreland,Greater Latrobe SD,SD,233,9.0,0.03862660944206009
221,108053003,Bedford,Everett Area SD,SD,79,3.0,0.0379746835443038
26,128030852,Armstrong,Armstrong SD,SD,371,14.0,0.03773584905660377
456,127045653,Beaver,New Brighton Area SD,SD,106,4.0,0.03773584905660377
649,123467303,Montgomery,Spring-Ford Area SD,SD,558,21.0,0.03763440860215054
704,123468402,Montgomery,Upper Merion Area SD,SD,293,11.0,0.03754266211604096
448,119584603,Susquehanna,Mountain View SD,SD,80,3.0,0.0375
69,119581003,Susquehanna,Blue Ridge SD,SD,81,3.0,0.037037037037037035
269,108112502,Cambria,Greater Johnstown SD,SD,190,7.0,0.03684210526315789
497,106616203,Venango,Oil City Area SD,SD,136,5.0,0.03676470588235294
654,103028833,Allegheny,Steel Valley SD,SD,109,4.0,0.03669724770642202
475,120484903,Northampton,Northampton Area SD,SD,330,12.0,0.03636363636363636
387,113364403,Lancaster,Manheim Central SD,SD,196,7.0,0.03571428571428571
660,117576303,Sullivan,Sullivan County SD,SD,56,2.0,0.03571428571428571
166,109531304,Potter,Coudersport Area SD,SD,56,2.0,0.03571428571428571
82,122091457,Bucks,Bucks County Technical High School,CTC,113,4.0,0.035398230088495575
290,125234502,Delaware,Haverford Township SD,SD,396,14.0,0.03535353535353535
359,113384603,Lebanon,Lebanon SD,SD,283,10.0,0.0353356890459364
563,106338003,Jefferson,Punxsutawney Area SD,SD,170,6.0,0.03529411764705882
462,115504003,Perry,Newport SD,SD,85,3.0,0.03529411764705882
752,103029803,Allegheny,Wilkinsburg Borough SD,SD,57,2.0,0.03508771929824561
76,122091352,Bucks,Bristol Township SD,SD,400,14.0,0.035
628,112676203,York,South Eastern SD,SD,200,7.0,0.035
167,122092353,Bucks,Council Rock SD,SD,689,24.0,0.03483309143686502
465,103026852,Allegheny,North Allegheny SD,SD,550,19.0,0.034545454545454546
635,117416103,Lycoming,South Williamsport Area SD,SD,87,3.0,0.034482758620689655
46,107650603,Westmoreland,Belle Vernon Area SD,SD,145,5.0,0.034482758620689655
231,108112003,Cambria,Ferndale Area SD,SD,58,2.0,0.034482758620689655
13,127040503,Beaver,Aliquippa SD,SD,88,3.0,0.03409090909090909
381,118000000,Luzerne,Luzerne IU 18,IU,89,3.0,0.033707865168539325
447,111316003,Huntingdon,Mount Union Area SD,SD,119,4.0,0.03361344537815126
586,127046903,Beaver,Rochester Area SD,SD,60,2.0,0.03333333333333333
419,122097007,Bucks,Middle Bucks Institute of Technology,CTC,30,1.0,0.03333333333333333
417,119355503,Lackawanna,Mid Valley SD,SD,120,4.0,0.03333333333333333
84,107650703,Westmoreland,Burrell SD,SD,120,4.0,0.03333333333333333
6,123460302,Montgomery,Abington SD,SD,512,17.0,0.033203125
178,114061503,Berks,Daniel Boone Area SD,SD,212,7.0,0.0330188679245283
176,118401603,Luzerne,Dallas SD,SD,152,5.0,0.03289473684210526
682,112286003,Franklin,Tuscarora SD,SD,152,5.0,0.03289473684210526
525,115220003,Allegheny,Pennsylvania Distance Learning CS,CS,61,2.0,0.03278688524590164
519,105204703,Crawford,Penncrest SD,SD,215,7.0,0.03255813953488372
96,121131507,Carbon,Carbon Career & Technical Institute,CTC,31,1.0,0.03225806451612903
67,116191203,Columbia,Bloomsburg Area SD,SD,124,4.0,0.03225806451612903
679,118667503,Wyoming,Tunkhannock Area SD,SD,186,6.0,0.03225806451612903
638,116197503,Columbia,Southern Columbia Area SD,SD,93,3.0,0.03225806451612903
378,123464603,Montgomery,Lower Moreland Township SD,SD,157,5.0,0.03184713375796178
629,103028703,Allegheny,South Fayette Township SD,SD,191,6.0,0.031413612565445025
622,108567703,Somerset,Somerset Area SD,SD,160,5.0,0.03125
442,103026343,Allegheny,Moon Area SD,SD,290,9.0,0.03103448275862069
203,113382303,Lebanon,Eastern Lebanon County SD,SD,162,5.0,0.030864197530864196
427,115226103,Dauphin,Millersburg Area SD,SD,65,2.0,0.03076923076923077
498,119356603,Lackawanna,Old Forge SD,SD,65,2.0,0.03076923076923077
277,115503004,Perry,Greenwood SD,SD,65,2.0,0.03076923076923077
675,129547803,Schuylkill,Tri-Valley SD,SD,65,2.0,0.03076923076923077
746,108118503,Cambria,Westmont Hilltop SD,SD,98,3.0,0.030612244897959183
323,117414003,Lycoming,Jersey Shore Area SD,SD,165,5.0,0.030303030303030304
594,108567004,Somerset,Salisbury-Elk Lick SD,SD,33,1.0,0.030303030303030304
92,101631703,Washington,Canon-McMillan SD,SD,298,9.0,0.030201342281879196
495,107656502,Westmoreland,Norwin SD,SD,299,9.0,0.030100334448160536
613,104435603,Mercer,Sharon City SD,SD,135,4.0,0.02962962962962963
450,114065503,Berks,Muhlenberg SD,SD,237,7.0,0.029535864978902954
548,108116303,Cambria,Portage Area SD,SD,68,2.0,0.029411764705882353
703,123468303,Montgomery,Upper Dublin SD,SD,310,9.0,0.02903225806451613
766,118409203,Luzerne,Wyoming Area SD,SD,138,4.0,0.028985507246376812
263,126513380,Philadelphia,Global Leadership Academy CS,CS,35,1.0,0.02857142857142857
712,119358403,Lackawanna,Valley View SD,SD,175,5.0,0.02857142857142857
254,109532804,Potter,Galeton Area SD,SD,35,1.0,0.02857142857142857
3,128000000,Indiana,ARIN IU 28,IU,35,1.0,0.02857142857142857
36,127046517,Beaver,Baden Academy CS,CS,35,1.0,0.02857142857142857
372,127040002,Beaver,Lincoln Park Performing Arts CS,CS,35,1.0,0.02857142857142857
104,122092002,Bucks,Centennial SD,SD,351,10.0,0.02849002849002849
454,122097502,Bucks,Neshaminy SD,SD,532,15.0,0.02819548872180451
609,108567204,Somerset,Shade-Central City SD,SD,36,1.0,0.027777777777777776
110,111291304,Fulton,Central Fulton SD,SD,73,2.0,0.0273972602739726
658,120456003,Monroe,Stroudsburg Area SD,SD,329,9.0,0.02735562310030395
241,105253553,Erie,Fort LeBoeuf SD,SD,147,4.0,0.027210884353741496
591,129546803,Schuylkill,Saint Clair Area SD,SD,37,1.0,0.02702702702702703
341,103025002,Allegheny,Keystone Oaks SD,SD,148,4.0,0.02702702702702703
531,105250001,Erie,Perseus House CS of Excellence,CS,37,1.0,0.02702702702702703
439,103026303,Allegheny,Montour SD,SD,186,5.0,0.026881720430107527
617,116496603,Northumberland,Shikellamy SD,SD,187,5.0,0.026737967914438502
729,110179003,Clearfield,West Branch Area SD,SD,75,2.0,0.02666666666666667
634,112676403,York,South Western SD,SD,265,7.0,0.026415094339622643
79,101260803,Fayette,Brownsville Area SD,SD,114,3.0,0.02631578947368421
529,113365303,Lancaster,Pequea Valley SD,SD,115,3.0,0.02608695652173913
541,103021003,Allegheny,Pine-Richland SD,SD,307,8.0,0.026058631921824105
648,112676703,York,Spring Grove Area SD,SD,233,6.0,0.02575107296137339
58,103021252,Allegheny,Bethel Park SD,SD,312,8.0,0.02564102564102564
57,116191103,Columbia,Berwick Area SD,SD,196,5.0,0.025510204081632654
284,112672803,York,Hanover Public SD,SD,118,3.0,0.025423728813559324
200,120452003,Monroe,East Stroudsburg Area SD,SD,435,11.0,0.02528735632183908
616,104376203,Lawrence,Shenango Area SD,SD,80,2.0,0.025
604,116557103,Snyder,Selinsgrove Area SD,SD,160,4.0,0.025
227,112282004,Franklin,Fannett-Metal SD,SD,40,1.0,0.025
472,119356503,Lackawanna,North Pocono SD,SD,202,5.0,0.024752475247524754
705,123468503,Montgomery,Upper Moreland Township SD,SD,203,5.0,0.024630541871921183
143,110171003,Clearfield,Clearfield Area SD,SD,163,4.0,0.024539877300613498
750,118408607,Luzerne,Wilkes-Barre Area CTC,CTC,41,1.0,0.024390243902439025
146,113361303,Lancaster,Cocalico SD,SD,206,5.0,0.024271844660194174
211,119582503,Susquehanna,Elk Lake SD,SD,83,2.0,0.024096385542168676
74,103021453,Allegheny,Brentwood Borough SD,SD,83,2.0,0.024096385542168676
273,112283003,Franklin,Greencastle-Antrim SD,SD,166,4.0,0.024096385542168676
751,118408852,Luzerne,Wilkes-Barre Area SD,SD,458,11.0,0.024017467248908297
237,106272003,Forest,Forest Area SD,SD,42,1.0,0.023809523809523808
112,110000000,Clearfield,Central IU 10,IU,43,1.0,0.023255813953488372
292,118403302,Luzerne,Hazleton Area SD,SD,693,16.0,0.023088023088023088
510,121395103,Lehigh,Parkland SD,SD,564,13.0,0.02304964539007092
377,123464502,Montgomery,Lower Merion SD,SD,656,15.0,0.022865853658536585
343,107654403,Westmoreland,Kiski Area SD,SD,221,5.0,0.02262443438914027
633,127047404,Beaver,South Side Area SD,SD,89,2.0,0.02247191011235955
524,127043430,Beaver,Pennsylvania Cyber CS,CS,362,8.0,0.022099447513812154
295,107653802,Westmoreland,Hempfield Area SD,SD,364,8.0,0.02197802197802198
61,101631003,Washington,Bethlehem-Center SD,SD,91,2.0,0.02197802197802198
282,103024603,Allegheny,Hampton Township SD,SD,182,4.0,0.02197802197802198
544,120455203,Monroe,Pleasant Valley SD,SD,321,7.0,0.021806853582554516
103,121391303,Lehigh,Catasauqua Area SD,SD,93,2.0,0.021505376344086023
418,116555003,Snyder,Midd-West SD,SD,142,3.0,0.02112676056338028
545,103027503,Allegheny,Plum Borough SD,SD,239,5.0,0.02092050209205021
198,121392303,Lehigh,East Penn SD,SD,484,10.0,0.02066115702479339
242,103023912,Allegheny,Fox Chapel Area SD,SD,339,7.0,0.02064896755162242
453,120484803,Northampton,Nazareth Area SD,SD,293,6.0,0.020477815699658702
250,127042853,Beaver,Freedom Area SD,SD,98,2.0,0.02040816326530612
707,103029203,Allegheny,Upper Saint Clair SD,SD,249,5.0,0.020080321285140562
98,119351303,Lackawanna,Carbondale Area SD,SD,100,2.0,0.02
197,117412003,Lycoming,East Lycoming SD,SD,101,2.0,0.019801980198019802
393,104105003,Butler,Mars Area SD,SD,204,4.0,0.0196078431372549
101,103021603,Allegheny,Carlynton SD,SD,106,2.0,0.018867924528301886
122,101631803,Washington,Charleroi SD,SD,108,2.0,0.018518518518518517
322,123463803,Montgomery,Jenkintown SD,SD,54,1.0,0.018518518518518517
283,118403003,Luzerne,Hanover Area SD,SD,108,2.0,0.018518518518518517
610,103028302,Allegheny,Shaler Area SD,SD,324,6.0,0.018518518518518517
546,120455403,Monroe,Pocono Mountain SD,SD,703,13.0,0.01849217638691323
728,103029403,Allegheny,West Allegheny SD,SD,218,4.0,0.01834862385321101
581,119357003,Lackawanna,Riverside SD,SD,109,2.0,0.01834862385321101
626,103028653,Allegheny,South Allegheny SD,SD,110,2.0,0.01818181818181818
365,121135503,Carbon,Lehighton Area SD,SD,171,3.0,0.017543859649122806
734,103029603,Allegheny,West Mifflin Area SD,SD,172,3.0,0.01744186046511628
368,107654903,Westmoreland,Ligonier Valley SD,SD,115,2.0,0.017391304347826087
142,108071504,Blair,Claysburg-Kimmel SD,SD,58,1.0,0.017241379310344827
296,104433303,Mercer,Hermitage SD,SD,118,2.0,0.01694915254237288
632,103028753,Allegheny,South Park SD,SD,119,2.0,0.01680672268907563
66,128321103,Indiana,Blairsville-Saltsburg SD,SD,122,2.0,0.01639344262295082
678,114068003,Berks,Tulpehocken Area SD,SD,122,2.0,0.01639344262295082
416,108565203,Somerset,Meyersdale Area SD,SD,62,1.0,0.016129032258064516
521,128326303,Indiana,Penns Manor Area SD,SD,62,1.0,0.016129032258064516
41,127041203,Beaver,Beaver Area SD,SD,125,2.0,0.016
767,118409302,Luzerne,Wyoming Valley West SD,SD,320,5.0,0.015625
262,110173003,Clearfield,Glendale SD,SD,64,1.0,0.015625
711,106618603,Venango,Valley Grove SD,SD,64,1.0,0.015625
351,113363603,Lancaster,Lampeter-Strasburg SD,SD,193,3.0,0.015544041450777202
724,119648703,Wayne,Wayne Highlands SD,SD,196,3.0,0.015306122448979591
568,115227871,Dauphin,Reach Cyber CS,CS,66,1.0,0.015151515151515152
644,107657503,Westmoreland,Southmoreland SD,SD,133,2.0,0.015037593984962405
348,118403903,Luzerne,Lake-Lehman SD,SD,136,2.0,0.014705882352941176
592,109248003,Elk,Saint Marys Area SD,SD,137,2.0,0.014598540145985401
490,118406003,Luzerne,Northwest Area SD,SD,70,1.0,0.014285714285714285
619,104107503,Butler,Slippery Rock Area SD,SD,140,2.0,0.014285714285714285
5,119350303,Lackawanna,Abington Heights SD,SD,213,3.0,0.014084507042253521
527,123460001,Montgomery,Pennsylvania Virtual CS,CS,71,1.0,0.014084507042253521
564,128327303,Indiana,Purchase Line SD,SD,72,1.0,0.013888888888888888
266,124153503,Chester,Great Valley SD,SD,295,4.0,0.013559322033898305
102,101301303,Greene,Carmichaels Area SD,SD,75,1.0,0.013333333333333334
64,127041603,Beaver,Blackhawk SD,SD,153,2.0,0.013071895424836602
596,120486003,Northampton,Saucon Valley SD,SD,156,2.0,0.01282051282051282
518,107657103,Westmoreland,Penn-Trafford SD,SD,235,3.0,0.01276595744680851
124,103021752,Allegheny,Chartiers Valley SD,SD,242,3.0,0.012396694214876033
488,103026873,Allegheny,Northgate SD,SD,81,1.0,0.012345679012345678
582,106000000,Clarion,Riverview IU 6,IU,89,1.0,0.011235955056179775
35,117000000,Lycoming,BLaST IU 17,IU,90,1.0,0.011111111111111112
732,103029553,Allegheny,West Jefferson Hills SD,SD,185,2.0,0.010810810810810811
355,101264003,Fayette,Laurel Highlands SD,SD,192,2.0,0.010416666666666666
457,104375302,Lawrence,New Castle Area SD,SD,201,2.0,0.009950248756218905
44,108051003,Bedford,Bedford Area SD,SD,108,1.0,0.009259259259259259
196,103022803,Allegheny,East Allegheny SD,SD,117,1.0,0.008547008547008548
271,118402603,Luzerne,Greater Nanticoke Area SD,SD,124,1.0,0.008064516129032258
108,116191503,Columbia,Central Columbia SD,SD,130,1.0,0.007692307692307693
744,119648903,Wayne,Western Wayne SD,SD,147,1.0,0.006802721088435374
117,127042003,Beaver,Central Valley SD,SD,151,1.0,0.006622516556291391
39,120480803,Northampton,Bangor Area SD,SD,200,0.0,0.0
763,110143310,Centre,Wonderland CS,CS,13,0.0,0.0
45,108051307,Bedford,Bedford County Technical Center,CTC,8,0.0,0.0
81,122093460,Bucks,Bucks County Montessori CS,CS,18,0.0,0.0
745,103028425,Allegheny,Westinghouse Arts Academy CS,CS,6,0.0,0.0
99,120483007,Northampton,Career Institute of Technology,CTC,25,0.0,0.0
77,106330703,Jefferson,Brockway Area SD,SD,75,0.0,0.0
73,114060853,Berks,Brandywine Heights Area SD,SD,107,0.0,0.0
769,189670676,York,York Academy Regional Charter School,CS,39,0.0,0.0
731,101308503,Greene,West Greene SD,SD,69,0.0,0.0
779,118409998,Carbon,Youth Forestry Camp #2,SJCI,6,0.0,0.0
747,107000000,Westmoreland,Westmoreland IU 7,IU,101,0.0,0.0
9,126510015,Philadelphia,Ad Prima CS,CS,35,0.0,0.0
30,109530304,Potter,Austin Area SD,SD,21,0.0,0.0
264,126518004,Philadelphia,Global Leadership Academy CS Southwest a,CS,32,0.0,0.0
718,105628007,Warren,Warren County AVTS,CTC,15,0.0,0.0
314,124152637,Chester,Insight PA Cyber CS,CS,18,0.0,0.0
608,188392660,Lehigh,Seven Generations Charter School,CS,27,0.0,0.0
325,133513315,Philadelphia,John B Stetson Charter School,CS,59,0.0,0.0
342,126510017,Philadelphia,Khepera CS,CS,12,0.0,0.0
347,119665003,Wyoming,Lackawanna Trail SD,SD,78,0.0,0.0
352,113363807,Lancaster,Lancaster County CTC,CTC,60,0.0,0.0
589,126510001,Philadelphia,Russell Byers CS,CS,35,0.0,0.0
373,126519476,Philadelphia,Lindley Academy CS at Birney,CS,39,0.0,0.0
380,115509998,Perry,Loysville Youth Dev Ctr,SJCI,17,0.0,0.0
386,102023030,Allegheny,Manchester Academic CS,CS,29,0.0,0.0
1,103020407,Allegheny,A W Beattie Career Center,CTC,30,0.0,0.0
410,103026037,Allegheny,McKeesport Area Tech Ctr,CTC,7,0.0,0.0
574,104435303,Mercer,Reynolds SD,SD,82,0.0,0.0
412,126519392,Philadelphia,Memphis Street Academy CS @ JP Jones,CS,56,0.0,0.0
431,104375003,Lawrence,Mohawk Area SD,SD,96,0.0,0.0
562,102027560,Allegheny,Provident CS,CS,29,0.0,0.0
435,120454507,Monroe,Monroe Career & Tech Inst,CTC,31,0.0,0.0
436,105250004,Erie,Montessori Regional CS,CS,30,0.0,0.0
446,107655903,Westmoreland,Mount Pleasant Area SD,SD,129,0.0,0.0
552,115222343,Dauphin,Premier Arts and Science Charter School,CS,18,0.0,0.0
451,126513000,Philadelphia,Multicultural Academy CS,CS,17,0.0,0.0
455,104375203,Lawrence,Neshannock Township SD,SD,72,0.0,0.0
543,118406602,Luzerne,Pittston Area SD,SD,180,0.0,0.0
463,110143120,Centre,Nittany Valley CS,CS,6,0.0,0.0
476,117083004,Bradford,Northeast Bradford SD,SD,54,0.0,0.0
514,103022481,Allegheny,Penn Hills Charter School of Entrepreneu,CS,30,0.0,0.0
321,101303503,Greene,Jefferson-Morgan SD,SD,60,0.0,0.0
310,128324207,Indiana,Indiana County Technology Center,CTC,16,0.0,0.0
120,110143060,Centre,Centre Learning Community CS,CS,10,0.0,0.0
306,126512980,Philadelphia,Imhotep Institute CHS,CS,23,0.0,0.0
708,103023090,Allegheny,Urban Academy of Greater Pittsburgh CS,CS,10,0.0,0.0
702,115229003,Dauphin,Upper Dauphin Area SD,SD,88,0.0,0.0
128,124152880,Chester,Chester Co Family Academy CS,CS,5,0.0,0.0
140,106161357,Clarion,Clarion County Career Center,CTC,11,0.0,0.0
152,104431304,Mercer,Commodore Perry SD,SD,41,0.0,0.0
693,126519434,Philadelphia,Universal Audenried Charter School,CS,39,0.0,0.0
195,103022503,Allegheny,Duquesne City SD,SD,32,0.0,0.0
204,177518712,Philadelphia,Eastern University Academy Charter Schoo,CS,24,0.0,0.0
207,120483302,Northampton,Easton Area SD,SD,512,0.0,0.0
208,120486892,Northampton,Easton Arts Academy Elementary CS,CS,28,0.0,0.0
213,199025446,Allegheny,Environmental Charter School at Frick Pa,CS,57,0.0,0.0
216,105252807,Erie,Erie County Technical School,CTC,24,0.0,0.0
232,100510000,Philadelphia,First Philadelphia Preparatory Charter S,CS,107,0.0,0.0
668,192518422,Philadelphia,Tacony Academy Charter School,CS,64,0.0,0.0
238,119583003,Susquehanna,Forest City Regional SD,SD,67,0.0,0.0
663,119584707,Susquehanna,Susquehanna County CTC,CTC,20,0.0,0.0
244,112282307,Franklin,Franklin County CTC,CTC,28,0.0,0.0
248,101262903,Fayette,Frazier SD,SD,76,0.0,0.0
253,111292507,Fulton,Fulton County AVTS,CTC,5,0.0,0.0
256,103024102,Allegheny,Gateway SD,SD,240,0.0,0.0
259,197010542,Adams,Gettysburg Montessori Charter School,CS,12,0.0,0.0
274,101302607,Greene,Greene County CTC,CTC,15,0.0,0.0
297,103024753,Allegheny,Highlands SD,SD,171,0.0,0.0
298,102023217,Allegheny,Hill House Passport Academy Charter Scho,CS,11,0.0,0.0
620,109427503,McKean,Smethport Area SD,SD,64,0.0,0.0
780,111319998,Huntingdon,Youth Forestry Camp #3,SJCI,9,0.0,0.0
